File Name,Total Duration,Duration Watched,Date Watched
C:\Media\Anime\OnePiece\Episode_101.mp4,00:24:12,00:24:12,2025-05-23 21:13:00
C:\Media\Movies\Action\FastFurious9.mp4,01:58:45,01:12:30,2025-04-15 19:45:00
C:\Media\YouTube\Science\Kurzgesagt_BigBang.mp4,00:09:32,00:09:32,2025-05-10 14:22:00
C:\Media\TV\Sitcoms\Friends_S01E01.mp4,00:22:00,00:20:10,2025-03-30 20:00:00
C:\Media\Anime\Naruto\Episode_12.mp4,00:23:45,00:23:45,2025-05-01 18:30:00
C:\Media\Movies\Drama\LaLaLand.mp4,02:08:00,01:45:00,2025-04-20 21:00:00
C:\Media\YouTube\Music\LoFiStudy.mp4,00:59:00,00:30:00,2025-05-12 16:00:00
C:\Media\TV\Sitcoms\Brooklyn99_S02E05.mp4,00:21:30,00:21:30,2025-05-18 22:15:00
C:\Media\Anime\AttackOnTitan\Episode_85.mp4,00:24:00,00:18:45,2025-05-22 20:30:00
C:\Media\Movies\Comedy\Superbad.mp4,01:53:20,01:53:20,2025-04-08 21:30:00
C:\Media\YouTube\Tech\MKBHD_iPhone15.mp4,00:12:45,00:12:45,2025-05-20 15:30:00
C:\Media\TV\Drama\BreakingBad_S03E07.mp4,00:47:12,00:47:12,2025-04-25 22:00:00
C:\Media\Anime\DemonSlayer\Episode_44.mp4,00:23:30,00:23:30,2025-05-19 19:45:00
C:\Media\Movies\Horror\TheConjuring.mp4,01:52:15,01:20:30,2025-04-12 23:00:00
C:\Media\YouTube\Gaming\PewDiePie_Minecraft.mp4,00:28:15,00:15:20,2025-05-15 17:00:00
C:\Media\TV\Thriller\Sherlock_S02E01.mp4,01:28:00,01:28:00,2025-04-18 21:15:00
C:\Media\Anime\MyHeroAcademia\Episode_120.mp4,00:24:18,00:24:18,2025-05-21 18:00:00
C:\Media\Movies\SciFi\Interstellar.mp4,02:49:00,02:10:15,2025-04-22 20:00:00
C:\Media\YouTube\Education\3Blue1Brown_Calculus.mp4,00:18:30,00:18:30,2025-05-17 16:45:00
C:\Media\TV\Crime\TrueDetetive_S01E04.mp4,00:55:40,00:45:20,2025-04-28 22:30:00
C:\Media\Anime\OnePunchMan\Episode_12.mp4,00:24:05,00:24:05,2025-05-16 19:30:00
C:\Media\Movies\Romance\Titanic.mp4,03:14:20,02:45:30,2025-04-05 19:30:00
C:\Media\YouTube\Cooking\BingingWithBabish_Pasta.mp4,00:08:45,00:08:45,2025-05-14 13:20:00
C:\Media\TV\Fantasy\GameOfThrones_S04E09.mp4,00:51:00,00:51:00,2025-04-30 21:45:00
C:\Media\Anime\Bleach\Episode_366.mp4,00:23:55,00:20:10,2025-05-13 20:15:00
C:\Media\Movies\Adventure\IndianaJones_Raiders.mp4,01:55:30,01:55:30,2025-04-10 20:30:00
C:\Media\YouTube\Travel\MarkWiens_Bangkok.mp4,00:22:10,00:22:10,2025-05-11 14:00:00
C:\Media\TV\Comedy\TheOffice_S05E14.mp4,00:22:15,00:22:15,2025-05-09 21:00:00
C:\Media\Anime\FullmetalAlchemist\Episode_63.mp4,00:24:25,00:24:25,2025-05-08 19:15:00
C:\Media\Movies\Thriller\Inception.mp4,02:28:15,01:50:45,2025-04-02 22:00:00
C:\Media\YouTube\Fitness\AthleanX_Workout.mp4,00:15:30,00:15:30,2025-05-07 07:30:00
C:\Media\TV\Documentary\PlanetEarth_Episode3.mp4,00:49:20,00:49:20,2025-05-06 20:00:00
C:\Media\Anime\HunterXHunter\Episode_131.mp4,00:23:40,00:23:40,2025-05-05 18:45:00
C:\Media\Movies\Western\TheGoodTheBadUgly.mp4,02:58:45,02:30:20,2025-04-01 19:00:00
C:\Media\YouTube\DIY\SteveRamsey_Woodworking.mp4,00:19:25,00:12:30,2025-05-04 15:15:00
C:\Media\TV\SciFi\Westworld_S01E10.mp4,01:30:15,01:30:15,2025-05-03 22:45:00
C:\Media\Anime\JujutsuKaisen\Episode_24.mp4,00:23:50,00:23:50,2025-05-02 19:00:00
C:\Media\Movies\Biography\SocialNetwork.mp4,02:00:30,02:00:30,2025-03-28 21:30:00
C:\Media\YouTube\History\OverSimplified_WWII.mp4,00:31:45,00:31:45,2025-04-29 16:30:00
C:\Media\TV\Mystery\Mindhunter_S02E03.mp4,00:54:20,00:40:15,2025-04-27 23:15:00
C:\Media\Anime\DragonBall\Episode_291.mp4,00:22:30,00:22:30,2025-04-26 18:00:00
C:\Media\Movies\Musical\GreatestShowman.mp4,01:45:20,01:45:20,2025-03-25 20:15:00
C:\Media\YouTube\Photography\PeterMcKinnon_Editing.mp4,00:16:40,00:16:40,2025-04-24 14:45:00
C:\Media\TV\Action\Jack24_S01E12.mp4,00:44:00,00:44:00,2025-04-23 21:30:00
C:\Media\Anime\CodeGeass\Episode_25.mp4,00:24:10,00:24:10,2025-04-21 19:45:00
C:\Media\Movies\Fantasy\LordOfRings_Fellowship.mp4,03:48:20,03:20:15,2025-03-22 18:00:00
C:\Media\YouTube\Cars\TopGear_Supercars.mp4,00:43:30,00:25:20,2025-04-19 17:30:00
C:\Media\TV\Horror\WalkingDead_S05E01.mp4,00:42:15,00:42:15,2025-04-17 22:00:00
C:\Media\Anime\SteinsGate\Episode_23.mp4,00:24:20,00:24:20,2025-04-16 20:30:00
C:\Media\Movies\Sports\Rocky.mp4,01:59:50,01:59:50,2025-03-20 19:30:00
C:\Media\YouTube\Comedy\KeyAndPeele_Sketch.mp4,00:04:15,00:04:15,2025-04-14 12:30:00
C:\Media\TV\Drama\MadMen_S04E13.mp4,00:47:30,00:47:30,2025-04-13 21:15:00
C:\Media\Anime\Evangelion\Episode_26.mp4,00:25:15,00:25:15,2025-04-11 19:00:00
C:\Media\Movies\War\SavingPrivateRyan.mp4,02:49:15,02:20:45,2025-03-18 20:00:00
C:\Media\YouTube\Nature\NatGeo_Wildlife.mp4,00:11:20,00:11:20,2025-04-09 15:45:00
C:\Media\TV\Animated\RickAndMorty_S03E07.mp4,00:22:45,00:22:45,2025-04-07 21:45:00
C:\Media\Anime\VioletEvergarden\Episode_10.mp4,00:24:30,00:24:30,2025-04-06 18:30:00
C:\Media\Movies\Crime\Goodfellas.mp4,02:26:15,02:26:15,2025-03-15 21:00:00
C:\Media\YouTube\Space\Veritasium_BlackHoles.mp4,00:20:15,00:20:15,2025-04-04 16:00:00
C:\Media\TV\Reality\Survivor_S40E14.mp4,01:23:45,01:10:30,2025-04-03 20:30:00
C:\Media\Anime\Spirited Away.mp4,02:05:00,02:05:00,2025-03-31 15:00:00
C:\Media\Movies\Family\ToyStory4.mp4,01:40:15,01:40:15,2025-03-12 17:30:00
C:\Media\YouTube\Art\Proko_Drawing.mp4,00:35:20,00:18:45,2025-03-29 14:15:00
C:\Media\TV\Sitcom\Seinfeld_S07E21.mp4,00:22:30,00:22:30,2025-03-27 20:45:00
C:\Media\Anime\Princess_Mononoke.mp4,02:14:20,02:14:20,2025-03-26 19:15:00
C:\Media\Movies\Mystery\ShutterIsland.mp4,02:18:30,01:45:20,2025-03-10 22:15:00
C:\Media\YouTube\Business\GaryVee_Hustle.mp4,00:12:15,00:08:30,2025-03-24 11:00:00
C:\Media\TV\Adventure\LostIsland_S03E16.mp4,00:43:10,00:43:10,2025-03-23 21:30:00
C:\Media\Anime\Totoro.mp4,01:26:45,01:26:45,2025-03-21 16:30:00
C:\Media\Movies\Comedy\Anchorman.mp4,01:34:20,01:34:20,2025-03-08 20:00:00
C:\Media\YouTube\Lifestyle\EmmaChamberlain_Morning.mp4,00:18:45,00:12:15,2025-03-19 10:30:00
C:\Media\TV\Police\LawAndOrder_SVU_S15E09.mp4,00:43:15,00:43:15,2025-03-17 22:30:00
C:\Media\Anime\Akira.mp4,02:04:30,01:30:45,2025-03-16 20:45:00
C:\Media\Movies\Historical\Braveheart.mp4,02:58:20,02:40:15,2025-03-05 18:30:00
C:\Media\YouTube\Food\BonAppetit_Techniques.mp4,00:14:30,00:14:30,2025-03-14 13:45:00
C:\Media\TV\Medical\Greys_Anatomy_S16E21.mp4,00:43:20,00:43:20,2025-03-13 21:00:00
C:\Media\Anime\GhostInShell.mp4,01:22:15,01:22:15,2025-03-11 19:30:00
C:\Media\Movies\Superhero\DarkKnight.mp4,02:32:15,02:32:15,2025-03-02 21:15:00
C:\Media\YouTube\Gaming\Markiplier_Horror.mp4,00:34:20,00:20:10,2025-03-09 18:15:00
C:\Media\TV\Legal\BetterCallSaul_S05E10.mp4,00:47:45,00:47:45,2025-03-07 22:45:00
C:\Media\Anime\CowboyBebop\Episode_26.mp4,00:24:15,00:24:15,2025-03-06 20:15:00
C:\Media\Movies\Psychological\FightClub.mp4,02:19:45,02:19:45,2025-02-28 21:45:00
C:\Media\YouTube\Motivation\TedTalk_Success.mp4,00:17:30,00:17:30,2025-03-04 12:00:00
C:\Media\TV\Competition\TheVoice_S18E12.mp4,01:25:30,01:05:20,2025-03-03 20:00:00
C:\Media\Anime\Ponyo.mp4,01:41:30,01:41:30,2025-03-01 15:45:00
C:\Media\Movies\Period\PrideAndPrejudice.mp4,02:07:15,02:07:15,2025-02-25 19:00:00
C:\Media\YouTube\Tech\LinusTechTips_GPU.mp4,00:21:45,00:21:45,2025-02-27 16:30:00
C:\Media\TV\Cooking\MasterChef_S10E15.mp4,00:44:30,00:44:30,2025-02-26 21:30:00
C:\Media\Anime\HowlsMovingCastle.mp4,01:59:20,01:59:20,2025-02-24 18:15:00
C:\Media\Movies\Disaster\Twister.mp4,01:53:45,01:25:30,2025-02-22 20:30:00
C:\Media\YouTube\Beauty\JamesCharles_Makeup.mp4,00:25:15,00:15:45,2025-02-23 14:00:00
C:\Media\TV\News\60Minutes_Investigation.mp4,00:42:30,00:42:30,2025-02-21 19:30:00
C:\Media\Anime\NausicaaValley.mp4,01:56:40,01:56:40,2025-02-20 17:00:00
C:\Media\Movies\Noir\CasablancaClassic.mp4,01:42:20,01:42:20,2025-02-18 21:00:00
C:\Media\YouTube\Finance\GrahamStephan_Investing.mp4,00:19:15,00:19:15,2025-02-19 11:30:00
C:\Media\TV\Talk\LateNightConan_Interview.mp4,00:38:45,00:28:20,2025-02-17 23:15:00
C:\Media\Anime\CastleInSky.mp4,02:04:15,02:04:15,2025-02-16 16:45:00
C:\Media\Movies\Heist\Oceans11.mp4,01:56:30,01:56:30,2025-02-15 20:15:00
C:\Media\YouTube\Travel\DrewBinsky_Adventure.mp4,00:16:20,00:16:20,2025-02-14 13:30:00
C:\Media\TV\Variety\SNL_WeekendUpdate.mp4,00:32:15,00:32:15,2025-02-13 22:00:00
C:\Media\Anime\FromUpOnPoppyHill.mp4,01:31:45,01:20:30,2025-02-12 18:00:00
C:\Media\Movies\Spy\JamesBond_Casino.mp4,02:24:30,02:10:15,2025-02-10 21:30:00
C:\Media\YouTube\Science\SciShow_Chemistry.mp4,00:13:45,00:13:45,2025-02-11 15:15:00
C:\Media\TV\Kids\Avatar_LastAirbender_S02E20.mp4,00:22:20,00:22:20,2025-02-09 17:30:00
C:\Media\Anime\Kiki_DeliveryService.mp4,01:42:15,01:42:15,2025-02-08 16:00:00
C:\Media\Movies\Epic\BenHur.mp4,03:32:45,02:45:20,2025-02-05 18:45:00
C:\Media\YouTube\Fashion\JennaMarbles_Outfit.mp4,00:22:30,00:14:15,2025-02-07 12:45:00
C:\Media\TV\Game\Jeopardy_Tournament.mp4,00:30:00,00:30:00,2025-02-06 19:15:00
C:\Media\Anime\OnlyYesterday.mp4,01:58:30,01:58:30,2025-02-04 20:30:00
C:\Media\Movies\Animation\InsideOut.mp4,01:35:20,01:35:20,2025-02-02 17:15:00
C:\Media\YouTube\Health\ThomasDelauer_Nutrition.mp4,00:18:15,00:18:15,2025-02-03 09:00:00
C:\Media\TV\Nature\NatGeo_OceanLife.mp4,00:46:30,00:46:30,2025-02-01 20:00:00
C:\Media\Anime\TheWindRises.mp4,02:06:45,01:45:30,2025-01-31 19:45:00
C:\Media\Movies\Parody\ScaryMovie.mp4,01:28:15,01:28:15,2025-01-29 22:30:00
C:\Media\YouTube\Pets\DodoAnimals_Rescue.mp4,00:08:30,00:08:30,2025-01-30 14:30:00
C:\Media\TV\Sports\ESPN_Highlights.mp4,00:28:45,00:28:45,2025-01-28 21:45:00
C:\Media\Anime\TaleOfPrincessKaguya.mp4,02:17:20,02:17:20,2025-01-27 18:30:00
C:\Media\Movies\Remake\SpiderMan_Homecoming.mp4,02:13:30,01:50:45,2025-01-25 20:45:00
C:\Media\YouTube\Music\TinyDesk_Concert.mp4,00:24:15,00:24:15,2025-01-26 16:15:00
C:\Media\TV\British\Sherlock_S04E03.mp4,01:29:30,01:29:30,2025-01-24 22:15:00
C:\Media\Anime\WhenMarnieWasThere.mp4,01:43:45,01:30:20,2025-01-23 17:45:00
C:\Media\Movies\Cult\PulpFiction.mp4,02:34:15,02:34:15,2025-01-22 21:00:00
C:\Media\YouTube\Comedy\CollegeHumor_Sketch.mp4,00:05:45,00:05:45,2025-01-21 13:00:00
C:\Media\TV\Anthology\BlackMirror_S04E06.mp4,01:16:20,01:16:20,2025-01-20 23:00:00
C:\Media\Anime\RedTurtle.mp4,01:20:30,01:20:30,2025-01-19 16:30:00
C:\Media\Movies\Silent\CharlieChaplin_ModernTimes.mp4,01:27:15,01:10:45,2025-01-18 19:15:00
C:\Media\YouTube\Education\CrashCourse_History.mp4,00:12:30,00:12:30,2025-01-17 14:45:00
C:\Media\TV\Reality\BigBrother_S22E35.mp4,01:02:15,00:45:30,2025-01-16 20:30:00
C:\Media\Anime\EarwigAndWitch.mp4,01:22:45,01:22:45,2025-01-15 18:00:00
C:\Media\Movies\Independent\LittleMissSunshine.mp4,01:41:30,01:41:30,2025-01-14 21:30:00
C:\Media\YouTube\Vlog\DavidDobrik_Friends.mp4,00:15:20,00:10:15,2025-01-13 15:30:00
C:\Media\TV\International\MoneyHeist_S04E08.mp4,00:47:15,00:47:15,2025-01-12 22:45:00
C:\Media\Anime\MyNeighborTotoro_Redux.mp4,01:26:45,01:26:45,2025-01-11 17:15:00
C:\Media\Movies\Classic\CitizenKane.mp4,01:59:20,01:35:45,2025-01-10 20:00:00
C:\Media\YouTube\Dance\JabbaWockeeZ_Performance.mp4,00:07:15,00:07:15,2025-01-09 16:00:00
C:\Media\TV\Streaming\StrangerThings_S03E08.mp4,01:17:30,01:17:30,2025-01-08 21:15:00
C:\Media\Anime\Laputa_CastleInSky_Remaster.mp4,02:04:15,01:50:30,2025-01-07 19:30:00
C:\Media\Movies\Foreign\Parasite.mp4,02:12:15,02:12:15,2025-01-06 22:00:00
C:\Media\YouTube\Reviews\AngryJoe_GameReview.mp4,00:41:30,00:25:15,2025-01-05 17:45:00
C:\Media\TV\Premium\HBO_Succession_S03E09.mp4,01:03:45,01:03:45,2025-01-04 23:15:00
C:\Media\Anime\StudioGhibli_Collection_Trailer.mp4,00:03:30,00:03:30,2025-01-03 15:45:00
C:\Media\Movies\Blockbuster\Avengers_Endgame.mp4,03:01:15,02:35:45,2025-01-02 19:00:00
C:\Media\YouTube\Short\TikTok_Compilation.mp4,00:10:45,00:10:45,2025-01-01 12:30:00
C:\Media\TV\Cable\Discovery_Sharks.mp4,00:44:20,00:44:20,2024-12-31 20:15:00
C:\Media\Anime\SpiritedAway_Directors_Cut.mp4,02:15:30,02:15:30,2024-12-30 18:45:00
C:\Media\Movies\Experimental\2001_SpaceOdyssey.mp4,02:29:15,01:45:30,2024-12-29 21:30:00
C:\Media\YouTube\Tutorial\Photoshop_Basics.mp4,00:32:45,00:20:15,2024-12-28 14:00:00
C:\Media\TV\Miniseries\Chernobyl_Episode5.mp4,01:08:20,01:08:20,2024-12-27 22:30:00
C:\Media\Anime\HayaoMiyazaki_Documentary.mp4,01:45:15,01:45:15,2024-12-26 16:15:00
C:\Media\Movies\Sequel\BladeRunner2049.mp4,02:44:30,02:20:15,2024-12-25 20:45:00
C:\Media\YouTube\Podcast\JoeRogan_Episode1234.mp4,02:15:45,01:30:20,2024-12-24 13:15:00
C:\Media\TV\Animated\BoJackHorseman_S06E16.mp4,00:25:30,00:25:30,2024-12-23 21:00:00
C:\Media\Anime\StudioGhibli_Making_Of.mp4,00:58:45,00:58:45,2024-12-22 17:30:00
C:\Media\Movies\Arthouse\Mulholland_Drive.mp4,02:27:15,01:50:45,2024-12-21 22:15:00
C:\Media\YouTube\Reaction\First_Time_Watching.mp4,00:45:30,00:30:15,2024-12-20 19:45:00
C:\Media\TV\Classic\TwilightZone_S01E22.mp4,00:25:45,00:25:45,2024-12-19 20:30:00
C:\Media\Anime\AnimeAwards_2024_Ceremony.mp4,01:32:15,01:15:30,2024-12-18 21:45:00
C:\Media\Movies\Documentary\WonFree_Solo.mp4,01:40:20,01:40:20,2024-12-17 19:15:00
C:\Media\YouTube\Live\Twitch_Stream_Highlight.mp4,01:12:45,00:45:30,2024-12-16 16:30:00
C:\Media\TV\Finale\Lost_Series_Finale.mp4,01:44:30,01:44:30,2024-12-15 22:00:00
C:\Media\Anime\TopAnime_2024_Countdown.mp4,00:28:15,00:28:15,2024-12-14 18:00:00
C:\Media\Movies\Premiere\Dune_Part_Two.mp4,02:46:15,02:30:45,2024-12-13 20:15:00
C:\Media\YouTube\Behind_Scenes_Movie_Making.mp4,00:22:30,00:22:30,2024-12-12 15:45:00
C:\Media\TV\Special\Friends_Reunion_Special.mp4,01:43:20,01:43:20,2024-12-11 21:30:00
C:\Media\Anime\Studio_Ghibli_Best_Moments.mp4,00:35:45,00:35:45,2024-12-10 17:00:00
C:\Media\Movies\Trilogy\Matrix_Resurrections.mp4,02:28:45,02:05:30,2024-12-09 22:45:00
C:\Media\YouTube\Shorts\Viral_Video_Compilation.mp4,00:08:15,00:08:15,2024-12-08 14:30:00
C:\Media\TV\Holiday\Christmas_Special_2024.mp4,00:42:30,00:42:30,2024-12-07 20:00:00
C:\Media\Anime\Christmas_Anime_Marathon.mp4,03:15:20,02:45:15,2024-12-06 16:45:00
C:\Media\Movies\Holiday\HomeAlone_Christmas.mp4,01:43:15,01:43:15,2024-12-05 19:30:00
C:\Media\YouTube\Year_End_Rewind_2024.mp4,00:12:45,00:12:45,2024-12-04 18:15:00
C:\Media\TV\Awards\GoldenGlobes_2024_Highlights.mp4,02:15:30,01:45:20,2024-12-03 21:15:00
C:\Media\Anime\YearEnd_Anime_Ranking.mp4,00:41:20,00:41:20,2024-12-02 19:00:00
C:\Media\Movies\YearEnd_BestOf_2024.mp4,01:28:45,01:28:45,2024-12-01 20:30:00
C:\Media\YouTube\Thanksgiving_Food_Hacks.mp4,00:16:30,00:16:30,2024-11-28 13:45:00
C:\Media\TV\Thanksgiving_Parade_2024.mp4,03:02:15,02:15:30,2024-11-28 09:00:00
C:\Media\Anime\Thanksgiving_Gratitude_Episode.mp4,00:24:45,00:24:45,2024-11-27 18:30:00
C:\Media\Movies\Family_Thanksgiving_Comedy.mp4,01:52:30,01:52:30,2024-11-26 21:00:00
C:\Media\YouTube\Black_Friday_Tech_Deals.mp4,00:25:15,00:18:45,2024-11-29 10:15:00
C:\Media\TV\CyberMonday_Shopping_Guide.mp4,00:38:20,00:30:15,2024-12-02 11:30:00
C:\Media\Anime\OnePiece\Episode_101.mp4,00:24:12,00:24:12,2025-05-23 21:13:00
C:\Media\Movies\Action\FastFurious9.mp4,01:58:45,01:12:30,2025-04-15 19:45:00
C:\Media\YouTube\Science\Kurzgesagt_BigBang.mp4,00:09:32,00:09:32,2025-05-10 14:22:00
C:\Media\TV\Sitcoms\Friends_S01E01.mp4,00:22:00,00:20:10,2025-03-30 20:00:00
C:\Media\Anime\Naruto\Episode_12.mp4,00:23:45,00:23:45,2025-05-01 18:30:00
C:\Media\Movies\Drama\LaLaLand.mp4,02:08:00,01:45:00,2025-04-20 21:00:00
C:\Media\YouTube\Music\LoFiStudy.mp4,00:59:00,00:30:00,2025-05-12 16:00:00
C:\Media\TV\Sitcoms\Brooklyn99_S02E05.mp4,00:21:30,00:21:30,2025-05-18 22:00:00
C:\Media\Anime\AttackOnTitan\Episode_5.mp4,00:24:00,00:24:00,2025-05-19 23:00:00
C:\Media\Movies\Action\JohnWick3.mp4,02:11:00,01:00:00,2025-04-25 20:30:00
C:\Media\YouTube\Science\Veritasium_Quantum.mp4,00:12:45,00:12:45,2025-05-05 13:00:00
C:\Media\TV\Sitcoms\Seinfeld_S03E10.mp4,00:22:00,00:22:00,2025-05-03 19:00:00
C:\Media\Anime\OnePiece\Episode_102.mp4,00:24:10,00:24:10,2025-05-24 21:15:00
C:\Media\Movies\Comedy\Superbad.mp4,01:53:00,01:53:00,2025-04-10 21:30:00
C:\Media\YouTube\Music\JazzNight.mp4,01:10:00,00:45:00,2025-05-15 17:00:00
C:\Media\TV\Sitcoms\Friends_S01E02.mp4,00:22:00,00:21:00,2025-04-01 20:00:00
C:\Media\Anime\Naruto\Episode_13.mp4,00:23:50,00:23:50,2025-05-02 18:30:00
C:\Media\Movies\Drama\Whiplash.mp4,01:46:00,01:46:00,2025-04-22 21:00:00
C:\Media\YouTube\Science\Kurzgesagt_AI.mp4,00:10:00,00:10:00,2025-05-11 14:22:00
C:\Media\TV\Sitcoms\Brooklyn99_S02E06.mp4,00:21:30,00:21:30,2025-05-19 22:00:00
C:\Media\Anime\AttackOnTitan\Episode_6.mp4,00:24:00,00:24:00,2025-05-20 23:00:00
C:\Media\Movies\Action\MadMaxFuryRoad.mp4,02:00:00,01:30:00,2025-04-27 20:30:00
C:\Media\YouTube\Science\Veritasium_Gravity.mp4,00:13:00,00:13:00,2025-05-06 13:00:00
C:\Media\TV\Sitcoms\Seinfeld_S03E11.mp4,00:22:00,00:22:00,2025-05-04 19:00:00
C:\Media\Anime\OnePiece\Episode_103.mp4,00:24:15,00:24:15,2025-05-25 21:15:00
C:\Media\Movies\Comedy\StepBrothers.mp4,01:38:00,01:38:00,2025-04-12 21:30:00
C:\Media\YouTube\Music\ChillBeats.mp4,01:20:00,00:50:00,2025-05-16 17:00:00
C:\Media\TV\Sitcoms\Friends_S01E03.mp4,00:22:00,00:20:30,2025-04-02 20:00:00
C:\Media\Anime\Naruto\Episode_14.mp4,00:23:55,00:23:55,2025-05-03 18:30:00
C:\Media\Movies\Drama\ThePrestige.mp4,02:10:00,02:10:00,2025-04-24 21:00:00
C:\Media\YouTube\Science\Kurzgesagt_Virus.mp4,00:09:45,00:09:45,2025-05-12 14:22:00
C:\Media\TV\Sitcoms\Brooklyn99_S02E07.mp4,00:21:30,00:21:30,2025-05-20 22:00:00
C:\Media\Anime\AttackOnTitan\Episode_7.mp4,00:24:00,00:24:00,2025-05-21 23:00:00
C:\Media\Movies\Action\AvengersEndgame.mp4,03:01:00,02:00:00,2025-04-29 20:30:00
C:\Media\YouTube\Science\Veritasium_Space.mp4,00:14:00,00:14:00,2025-05-07 13:00:00
C:\Media\TV\Sitcoms\Seinfeld_S03E12.mp4,00:22:00,00:22:00,2025-05-05 19:00:00
C:\Media\Anime\OnePiece\Episode_104.mp4,00:24:18,00:24:18,2025-05-26 21:15:00
C:\Media\Movies\Comedy\TheHangover.mp4,01:40:00,01:40:00,2025-04-14 21:30:00
C:\Media\YouTube\Music\EDMParty.mp4,01:05:00,00:35:00,2025-05-17 17:00:00
C:\Media\TV\Sitcoms\Friends_S01E04.mp4,00:22:00,00:21:00,2025-04-03 20:00:00
C:\Media\Anime\Naruto\Episode_15.mp4,00:24:00,00:24:00,2025-05-04 18:30:00
C:\Media\Movies\Drama\Parasite.mp4,02:12:00,02:12:00,2025-04-26 21:00:00
C:\Media\YouTube\Science\Kurzgesagt_Climate.mp4,00:11:00,00:11:00,2025-05-13 14:22:00
C:\Media\TV\Sitcoms\Brooklyn99_S02E08.mp4,00:21:30,00:21:30,2025-05-21 22:00:00
C:\Media\Anime\AttackOnTitan\Episode_8.mp4,00:24:00,00:24:00,2025-05-22 23:00:00
C:\Media\Movies\Action\Inception.mp4,02:28:00,01:45:00,2025-05-01 20:30:00
C:\Media\YouTube\Science\Veritasium_Energy.mp4,00:15:00,00:15:00,2025-05-08 13:00:00
C:\Media\TV\Sitcoms\Seinfeld_S03E13.mp4,00:22:00,00:22:00,2025-05-06 19:00:00
C:\Media\Anime\OnePiece\Episode_105.mp4,00:24:20,00:24:20,2025-05-27 21:15:00
C:\Media\Movies\Comedy\DumbAndDumber.mp4,01:46:00,01:46:00,2025-04-16 21:30:00
C:\Media\YouTube\Music\IndieMix.mp4,01:15:00,00:55:00,2025-05-18 17:00:00
C:\Media\TV\Sitcoms\Friends_S01E05.mp4,00:22:00,00:20:00,2025-04-04 20:00:00
C:\Media\Anime\Naruto\Episode_16.mp4,00:24:00,00:24:00,2025-05-05 18:30:00
C:\Media\Movies\Drama\Joker.mp4,02:02:00,02:02:00,2025-04-28 21:00:00
C:\Media\YouTube\Science\Kurzgesagt_Biology.mp4,00:12:00,00:12:00,2025-05-14 14:22:00
C:\Media\TV\Sitcoms\Brooklyn99_S02E09.mp4,00:21:30,00:21:30,2025-05-22 22:00:00
C:\Media\Anime\AttackOnTitan\Episode_9.mp4,00:24:00,00:24:00,2025-05-23 23:00:00
C:\Media\Movies\Action\Skyfall.mp4,02:23:00,01:30:00,2025-05-03 20:30:00
C:\Media\YouTube\Science\Veritasium_Light.mp4,00:13:30,00:13:30,2025-05-09 13:00:00
C:\Media\TV\Sitcoms\Seinfeld_S03E14.mp4,00:22:00,00:22:00,2025-05-07 19:00:00
C:\Media\Anime\OnePiece\Episode_106.mp4,00:24:22,00:24:22,2025-05-28 21:15:00
C:\Media\Movies\Comedy\OldSchool.mp4,01:31:00,01:31:00,2025-04-18 21:30:00
C:\Media\YouTube\Music\ClassicRock.mp4,01:25:00,00:40:00,2025-05-19 17:00:00
C:\Media\TV\Sitcoms\Friends_S01E06.mp4,00:22:00,00:21:00,2025-04-05 20:00:00
C:\Media\Anime\Naruto\Episode_17.mp4,00:24:00,00:24:00,2025-05-06 18:30:00
C:\Media\Movies\Drama\Arrival.mp4,01:56:00,01:56:00,2025-04-30 21:00:00
C:\Media\YouTube\Science\Kurzgesagt_Universe.mp4,00:10:30,00:10:30,2025-05-15 14:22:00
C:\Media\TV\Sitcoms\Brooklyn99_S02E10.mp4,00:21:30,00:21:30,2025-05-23 22:00:00
C:\Media\Anime\AttackOnTitan\Episode_10.mp4,00:24:00,00:24:00,2025-05-24 23:00:00
C:\Media\Movies\Action\Tenet.mp4,02:30:00,01:30:00,2025-05-05 20:30:00
C:\Media\YouTube\Science\Veritasium_Math.mp4,00:12:30,00:12:30,2025-05-10 13:00:00
C:\Media\TV\Sitcoms\Seinfeld_S03E15.mp4,00:22:00,00:22:00,2025-05-08 19:00:00
C:\Media\Anime\OnePiece\Episode_107.mp4,00:24:25,00:24:25,2025-05-29 21:15:00
C:\Media\Movies\Comedy\Zoolander.mp4,01:29:00,01:29:00,2025-04-20 21:30:00
C:\Media\YouTube\Music\PopHits.mp4,01:30:00,01:00:00,2025-05-20 17:00:00
C:\Media\TV\Sitcoms\Friends_S01E07.mp4,00:22:00,00:20:00,2025-04-06 20:00:00
C:\Media\Anime\Naruto\Episode_18.mp4,00:24:00,00:24:00,2025-05-07 18:30:00
C:\Media\Movies\Drama\GreenBook.mp4,02:10:00,02:10:00,2025-05-02 21:00:00
C:\Media\YouTube\Science\Kurzgesagt_Earth.mp4,00:11:30,00:11:30,2025-05-16 14:22:00
C:\Media\TV\Sitcoms\Brooklyn99_S02E11.mp4,00:21:30,00:21:30,2025-05-24 22:00:00
C:\Media\Anime\AttackOnTitan\Episode_11.mp4,00:24:00,00:24:00,2025-05-25 23:00:00
C:\Media\Movies\Action\BlackPanther.mp4,02:14:00,01:45:00,2025-05-07 20:30:00
C:\Media\YouTube\Science\Veritasium_Atoms.mp4,00:13:45,00:13:45,2025-05-11 13:00:00
C:\Media\TV\Sitcoms\Seinfeld_S03E16.mp4,00:22:00,00:22:00,2025-05-09 19:00:00
C:\Media\Anime\OnePiece\Episode_108.mp4,00:24:28,00:24:28,2025-05-30 21:15:00
C:\Media\Movies\Comedy\Anchorman.mp4,01:34:00,01:34:00,2025-04-22 21:30:00
C:\Media\YouTube\Music\HipHopMix.mp4,01:10:00,00:50:00,2025-05-21 17:00:00
C:\Media\TV\Sitcoms\Friends_S01E08.mp4,00:22:00,00:21:00,2025-04-07 20:00:00
C:\Media\Anime\Naruto\Episode_19.mp4,00:24:00,00:24:00,2025-05-08 18:30:00
C:\Media\Movies\Drama\TheFather.mp4,01:37:00,01:37:00,2025-05-04 21:00:00
C:\Media\YouTube\Science\Kurzgesagt_Moon.mp4,00:09:50,00:09:50,2025-05-17 14:22:00
C:\Media\TV\Sitcoms\Brooklyn99_S02E12.mp4,00:21:30,00:21:30,2025-05-25 22:00:00
C:\Media\Anime\AttackOnTitan\Episode_12.mp4,00:24:00,00:24:00,2025-05-26 23:00:00
C:\Media\Movies\Action\GuardiansGalaxy.mp4,02:01:00,01:30:00,2025-05-09 20:30:00
C:\Media\YouTube\Science\Veritasium_Brain.mp4,00:14:30,00:14:30,2025-05-12 13:00:00
C:\Media\TV\Sitcoms\Seinfeld_S03E17.mp4,00:22:00,00:22:00,2025-05-10 19:00:00
C:\Media\Anime\OnePiece\Episode_109.mp4,00:24:30,00:24:30,2025-05-31 21:15:00
C:\Media\Movies\Comedy\WeddingCrashers.mp4,01:59:00,01:59:00,2025-04-24 21:30:00
C:\Media\YouTube\Music\CountryRoads.mp4,01:20:00,00:55:00,2025-05-22 17:00:00
C:\Media\TV\Sitcoms\Friends_S01E09.mp4,00:22:00,00:20:00,2025-04-08 20:00:00
C:\Media\Anime\Naruto\Episode_20.mp4,00:24:00,00:24:00,2025-05-09 18:30:00
C:\Media\Movies\Drama\1917.mp4,01:59:00,01:59:00,2025-05-06 21:00:00
C:\Media\YouTube\Science\Kurzgesagt_Space.mp4,00:12:00,00:12:00,2025-05-18 14:22:00
C:\Media\TV\Sitcoms\Brooklyn99_S02E13.mp4,00:21:30,00:21:30,2025-05-26 22:00:00
C:\Media\Anime\AttackOnTitan\Episode_13.mp4,00:24:00,00:24:00,2025-05-27 23:00:00
C:\Media\Movies\Action\ThorRagnarok.mp4,02:10:00,01:30:00,2025-05-11 20:30:00
C:\Media\YouTube\Science\Veritasium_Magnetism.mp4,00:13:15,00:13:15,2025-05-13 13:00:00
C:\Media\TV\Sitcoms\Seinfeld_S03E18.mp4,00:22:00,00:22:00,2025-05-11 19:00:00
C:\Media\Anime\OnePiece\Episode_110.mp4,00:24:32,00:24:32,2025-06-01 21:15:00
C:\Media\Movies\Comedy\RoleModels.mp4,01:40:00,01:40:00,2025-04-26 21:30:00
C:\Media\YouTube\Music\LatinMix.mp4,01:10:00,00:50:00,2025-05-23 17:00:00
C:\Media\TV\Sitcoms\Friends_S01E10.mp4,00:22:00,00:21:00,2025-04-09 20:00:00
C:\Media\Anime\Naruto\Episode_21.mp4,00:24:00,00:24:00,2025-05-10 18:30:00
C:\Media\Movies\Drama\Spotlight.mp4,02:08:00,02:08:00,2025-05-08 21:00:00
C:\Media\YouTube\Science\Kurzgesagt_Ocean.mp4,00:11:45,00:11:45,2025-05-19 14:22:00
C:\Media\TV\Sitcoms\Brooklyn99_S02E14.mp4,00:21:30,00:21:30,2025-05-27 22:00:00
C:\Media\Anime\AttackOnTitan\Episode_14.mp4,00:24:00,00:24:00,2025-05-28 23:00:00
C:\Media\Movies\Action\IronMan.mp4,02:06:00,01:30:00,2025-05-13 20:30:00
C:\Media\YouTube\Science\Veritasium_Entropy.mp4,00:14:00,00:14:00,2025-05-14 13:00:00
C:\Media\TV\Sitcoms\Seinfeld_S03E19.mp4,00:22:00,00:22:00,2025-05-12 19:00:00
C:\Media\Anime\OnePiece\Episode_111.mp4,00:24:35,00:24:35,2025-06-02 21:15:00
C:\Media\Movies\Comedy\ForgettingSarahMarshall.mp4,01:51:00,01:51:00,2025-04-28 21:30:00
C:\Media\YouTube\Music\ReggaeVibes.mp4,01:15:00,00:55:00,2025-05-24 17:00:00
C:\Media\TV\Sitcoms\Friends_S01E11.mp4,00:22:00,00:21:00,2025-04-10 20:00:00
C:\Media\Anime\Naruto\Episode_22.mp4,00:24:00,00:24:00,2025-05-11 18:30:00
C:\Media\Movies\Drama\Birdman.mp4,01:59:00,01:59:00,2025-05-10 21:00:00
C:\Media\YouTube\Science\Kurzgesagt_Bacteria.mp4,00:10:00,00:10:00,2025-05-20 14:22:00
C:\Media\TV\Sitcoms\Brooklyn99_S02E15.mp4,00:21:30,00:21:30,2025-05-28 22:00:00
C:\Media\Anime\AttackOnTitan\Episode_15.mp4,00:24:00,00:24:00,2025-05-29 23:00:00
C:\Media\Movies\Action\DoctorStrange.mp4,01:55:00,01:30:00,2025-05-15 20:30:00
C:\Media\YouTube\Science\Veritasium_Probability.mp4,00:13:00,00:13:00,2025-05-15 13:00:00
C:\Media\TV\Sitcoms\Seinfeld_S03E20.mp4,00:22:00,00:22:00,2025-05-13 19:00:00
C:\Media\Anime\OnePiece\Episode_112.mp4,00:24:38,00:24:38,2025-06-03 21:15:00
C:\Media\Movies\Comedy\KnockedUp.mp4,02:09:00,02:09:00,2025-04-30 21:30:00
C:\Media\YouTube\Music\FolkMix.mp4,01:10:00,00:50:00,2025-05-25 17:00:00
C:\Media\TV\Sitcoms\Friends_S01E12.mp4,00:22:00,00:21:00,2025-04-11 20:00:00
C:\Media\Anime\Naruto\Episode_23.mp4,00:24:00,00:24:00,2025-05-12 18:30:00
C:\Media\Movies\Drama\TheSocialNetwork.mp4,02:00:00,02:00:00,2025-05-12 21:00:00
C:\Media\YouTube\Science\Kurzgesagt_Stars.mp4,00:12:00,00:12:00,2025-05-21 14:22:00
C:\Media\TV\Sitcoms\Brooklyn99_S02E16.mp4,00:21:30,00:21:30,2025-05-29 22:00:00
C:\Media\Anime\AttackOnTitan\Episode_16.mp4,00:24:00,00:24:00,2025-05-30 23:00:00
C:\Media\Movies\Action\SpiderManHomecoming.mp4,02:13:00,01:30:00,2025-05-17 20:30:00
C:\Media\YouTube\Science\Veritasium_Logic.mp4,00:14:00,00:14:00,2025-05-16 13:00:00
C:\Media\TV\Sitcoms\Seinfeld_S03E21.mp4,00:22:00,00:22:00,2025-05-14 19:00:00
C:\Media\Anime\OnePiece\Episode_113.mp4,00:24:40,00:24:40,2025-06-04 21:15:00
C:\Media\Movies\Comedy\Superbad.mp4,01:53:00,01:53:00,2025-05-02 21:30:00
C:\Media\YouTube\Music\JazzNight.mp4,01:10:00,00:45:00,2025-05-26 17:00:00
C:\Media\TV\Sitcoms\Friends_S01E13.mp4,00:22:00,00:21:00,2025-04-12 20:00:00
C:\Media\Anime\Naruto\Episode_24.mp4,00:24:00,00:24:00,2025-05-13 18:30:00
C:\Media\Movies\Drama\TheImitationGame.mp4,01:54:00,01:54:00,2025-05-14 21:00:00
C:\Media\YouTube\Science\Kurzgesagt_Animals.mp4,00:11:00,00:11:00,2025-05-22 14:22:00
C:\Media\TV\Sitcoms\Brooklyn99_S02E17.mp4,00:21:30,00:21:30,2025-05-30 22:00:00
C:\Media\Anime\AttackOnTitan\Episode_17.mp4,00:24:00,00:24:00,2025-05-31 23:00:00
C:\Media\Movies\Action\CaptainMarvel.mp4,02:03:00,01:30:00,2025-05-19 20:30:00
C:\Media\YouTube\Science\Veritasium_Statistics.mp4,00:13:30,00:13:30,2025-05-17 13:00:00
C:\Media\TV\Sitcoms\Seinfeld_S03E22.mp4,00:22:00,00:22:00,2025-05-15 19:00:00
C:\Media\Anime\OnePiece\Episode_114.mp4,00:24:43,00:24:43,2025-06-05 21:15:00
C:\Media\Movies\Comedy\StepBrothers.mp4,01:38:00,01:38:00,2025-05-04 21:30:00
C:\Media\YouTube\Music\ChillBeats.mp4,01:20:00,00:50:00,2025-05-27 17:00:00
C:\Media\TV\Sitcoms\Friends_S01E14.mp4,00:22:00,00:21:00,2025-04-13 20:00:00
C:\Media\Anime\Naruto\Episode_25.mp4,00:24:00,00:24:00,2025-05-14 18:30:00
C:\Media\Movies\Drama\TheKingSpeech.mp4,01:58:00,01:58:00,2025-05-16 21:00:00
C:\Media\YouTube\Science\Kurzgesagt_Biology.mp4,00:12:00,00:12:00,2025-05-23 14:22:00
C:\Media\TV\Sitcoms\Brooklyn99_S02E18.mp4,00:21:30,00:21:30,2025-05-31 22:00:00
C:\Media\Anime\AttackOnTitan\Episode_18.mp4,00:24:00,00:24:00,2025-06-01 23:00:00
C:\Media\Movies\Action\WonderWoman.mp4,02:21:00,01:30:00,2025-05-21 20:30:00
C:\Media\YouTube\Science\Veritasium_Chaos.mp4,00:14:00,00:14:00,2025-05-18 13:00:00
C:\Media\TV\Sitcoms\Seinfeld_S03E23.mp4,00:22:00,00:22:00,2025-05-16 19:00:00
C:\Media\Anime\OnePiece\Episode_115.mp4,00:24:45,00:24:45,2025-06-06 21:15:00
C:\Media\Movies\Comedy\OldSchool.mp4,01:31:00,01:31:00,2025-05-06 21:30:00
C:\Media\YouTube\Music\ClassicRock.mp4,01:25:00,00:40:00,2025-05-28 17:00:00
C:\Media\TV\Sitcoms\Friends_S01E15.mp4,00:22:00,00:21:00,2025-04-14 20:00:00
C:\Media\Anime\Naruto\Episode_26.mp4,00:24:00,00:24:00,2025-05-15 18:30:00
C:\Media\Movies\Drama\TheTheoryOfEverything.mp4,02:03:00,02:03:00,2025-05-18 21:00:00
C:\Media\YouTube\Science\Kurzgesagt_Climate.mp4,00:11:00,00:11:00,2025-05-24 14:22:00
C:\Media\TV\Sitcoms\Brooklyn99_S02E19.mp4,00:21:30,00:21:30,2025-06-01 22:00:00
C:\Media\Anime\AttackOnTitan\Episode_19.mp4,00:24:00,00:24:00,2025-06-02 23:00:00
C:\Media\Movies\Action\ShangChi.mp4,02:12:00,01:30:00,2025-05-23 20:30:00
C:\Media\YouTube\Science\Veritasium_Optics.mp4,00:13:00,00:13:00,2025-05-19 13:00:00
C:\Media\TV\Sitcoms\Seinfeld_S03E24.mp4,00:22:00,00:22:00,2025-05-17 19:00:00
C:\Media\Anime\OnePiece\Episode_116.mp4,00:24:48,00:24:48,2025-06-07 21:15:00
C:\Media\Movies\Comedy\DumbAndDumber.mp4,01:46:00,01:46:00,2025-05-08 21:30:00
C:\Media\YouTube\Music\IndieMix.mp4,01:15:00,00:55:00,2025-05-29 17:00:00
C:\Media\TV\Sitcoms\Friends_S01E16.mp4,00:22:00,00:21:00,2025-04-15 20:00:00
C:\Media\Anime\Naruto\Episode_27.mp4,00:24:00,00:24:00,2025-05-16 18:30:00
C:\Media\Movies\Drama\TheShapeOfWater.mp4,02:03:00,02:03:00,2025-05-20 21:00:00
C:\Media\YouTube\Science\Kurzgesagt_AI.mp4,00:10:00,00:10:00,2025-05-25 14:22:00
C:\Media\TV\Sitcoms\Brooklyn99_S02E20.mp4,00:21:30,00:21:30,2025-06-02 22:00:00
C:\Media\Anime\AttackOnTitan\Episode_20.mp4,00:24:00,00:24:00,2025-06-03 23:00:00
C:\Media\Movies\Action\BlackWidow.mp4,02:14:00,01:30:00,2025-05-25 20:30:00
C:\Media\YouTube\Science\Veritasium_Quantum.mp4,00:12:45,00:12:45,2025-05-20 13:00:00
C:\Media\TV\Sitcoms\Seinfeld_S03E25.mp4,00:22:00,00:22:00,2025-05-18 19:00:00
C:\Media\Anime\OnePiece\Episode_117.mp4,00:24:50,00:24:50,2025-06-08 21:15:00
C:\Media\Movies\Comedy\Anchorman.mp4,01:34:00,01:34:00,2025-05-10 21:30:00
C:\Media\YouTube\Music\HipHopMix.mp4,01:10:00,00:50:00,2025-05-30 17:00:00
C:\Media\TV\Sitcoms\Friends_S01E17.mp4,00:22:00,00:21:00,2025-04-16 20:00:00
C:\Media\Anime\Naruto\Episode_28.mp4,00:24:00,00:24:00,2025-05-17 18:30:00
C:\Media\Movies\Drama\TheFather.mp4,01:37:00,01:37:00,2025-05-22 21:00:00
C:\Media\YouTube\Science\Kurzgesagt_BigBang.mp4,00:09:32,00:09:32,2025-05-26 14:22:00
C:\Media\TV\Sitcoms\Brooklyn99_S02E21.mp4,00:21:30,00:21:30,2025-06-03 22:00:00
C:\Media\Anime\AttackOnTitan\Episode_21.mp4,00:24:00,00:24:00,2025-06-04 23:00:00
C:\Media\Movies\Action\AvengersInfinityWar.mp4,02:29:00,01:30:00,2025-05-27 20:30:00
C:\Media\YouTube\Science\Veritasium_Gravity.mp4,00:13:00,00:13:00,2025-05-21 13:00:00
C:\Media\TV\Sitcoms\Seinfeld_S03E26.mp4,00:22:00,00:22:00,2025-05-19 19:00:00
C:\Media\Anime\OnePiece\Episode_118.mp4,00:24:53,00:24:53,2025-06-09 21:15:00
C:\Media\Movies\Comedy\Zoolander.mp4,01:29:00,01:29:00,2025-05-12 21:30:00
C:\Media\YouTube\Music\PopHits.mp4,01:30:00,01:00:00,2025-05-31 17:00:00
C:\Media\TV\Sitcoms\Friends_S01E18.mp4,00:22:00,00:21:00,2025-04-17 20:00:00
C:\Media\Anime\Naruto\Episode_29.mp4,00:24:00,00:24:00,2025-05-18 18:30:00
C:\Media\Movies\Drama\Whiplash.mp4,01:46:00,01:46:00,2025-05-24 21:00:00
C:\Media\YouTube\Science\Kurzgesagt_Virus.mp4,00:09:45,00:09:45,2025-05-27 14:22:00
C:\Media\TV\Sitcoms\Brooklyn99_S02E22.mp4,00:21:30,00:21:30,2025-06-04 22:00:00
C:\Media\Anime\AttackOnTitan\Episode_22.mp4,00:24:00,00:24:00,2025-06-05 23:00:00
C:\Media\Movies\Action\GuardiansGalaxy2.mp4,02:16:00,01:30:00,2025-05-29 20:30:00
C:\Media\YouTube\Science\Veritasium_Space.mp4,00:14:00,00:14:00,2025-05-22 13:00:00
C:\Media\TV\Sitcoms\Seinfeld_S03E27.mp4,00:22:00,00:22:00,2025-05-20 19:00:00
C:\Media\Anime\OnePiece\Episode_119.mp4,00:24:55,00:24:55,2025-06-10 21:15:00
C:\Media\Movies\Comedy\WeddingCrashers.mp4,01:59:00,01:59:00,2025-05-14 21:30:00
C:\Media\YouTube\Music\CountryRoads.mp4,01:20:00,00:55:00,2025-06-01 17:00:00
C:\Media\TV\Sitcoms\Friends_S01E19.mp4,00:22:00,00:21:00,2025-04-18 20:00:00
C:\Media\Anime\Naruto\Episode_30.mp4,00:24:00,00:24:00,2025-05-19 18:30:00
C:\Media\Movies\Drama\Parasite.mp4,02:12:00,02:12:00,2025-05-26 21:00:00
C:\Media\YouTube\Science\Kurzgesagt_Climate.mp4,00:11:00,00:11:00,2025-05-28 14:22:00
C:\Media\TV\Sitcoms\Brooklyn99_S02E23.mp4,00:21:30,00:21:30,2025-06-05 22:00:00
C:\Media\Anime\AttackOnTitan\Episode_23.mp4,00:24:00,00:24:00,2025-06-06 23:00:00
C:\Media\Movies\Action\Inception.mp4,02:28:00,01:45:00,2025-05-31 20:30:00
C:\Media\YouTube\Science\Veritasium_Energy.mp4,00:15:00,00:15:00,2025-05-23 13:00:00
C:\Media\TV\Sitcoms\Seinfeld_S03E28.mp4,00:22:00,00:22:00,2025-05-21 19:00:00
C:\Media\Anime\OnePiece\Episode_120.mp4,00:24:58,00:24:58,2025-06-11 21:15:00
C:\Media\Movies\Comedy\RoleModels.mp4,01:40:00,01:40:00,2025-05-16 21:30:00
C:\Media\YouTube\Music\LatinMix.mp4,01:10:00,00:50:00,2025-06-02 17:00:00
C:\Media\TV\Sitcoms\Friends_S01E20.mp4,00:22:00,00:21:00,2025-04-19 20:00:00
C:\Media\Anime\Naruto\Episode_31.mp4,00:24:00,00:24:00,2025-05-20 18:30:00
C:\Media\Movies\Drama\Arrival.mp4,01:56:00,01:56:00,2025-05-28 21:00:00
C:\Media\YouTube\Science\Kurzgesagt_Universe.mp4,00:10:30,00:10:30,2025-05-29 14:22:00
C:\Media\TV\Sitcoms\Brooklyn99_S02E24.mp4,00:21:30,00:21:30,2025-06-06 22:00:00
C:\Media\Anime\AttackOnTitan\Episode_24.mp4,00:24:00,00:24:00,2025-06-07 23:00:00
C:\Media\Movies\Action\Tenet.mp4,02:30:00,01:30:00,2025-06-02 20:30:00
C:\Media\YouTube\Science\Veritasium_Math.mp4,00:12:30,00:12:30,2025-05-24 13:00:00
C:\Media\TV\Sitcoms\Seinfeld_S03E29.mp4,00:22:00,00:22:00,2025-05-22 19:00:00
C:\Media\Anime\OnePiece\Episode_121.mp4,00:25:00,00:25:00,2025-06-12 21:15:00
C:\Media\Movies\Comedy\ForgettingSarahMarshall.mp4,01:51:00,01:51:00,2025-05-18 21:30:00
C:\Media\YouTube\Music\ReggaeVibes.mp4,01:15:00,00:55:00,2025-06-03 17:00:00
C:\Media\TV\Sitcoms\Friends_S01E21.mp4,00:22:00,00:21:00,2025-04-20 20:00:00
C:\Media\Anime\Naruto\Episode_32.mp4,00:24:00,00:24:00,2025-05-21 18:30:00
C:\Media\Movies\Drama\Joker.mp4,02:02:00,02:02:00,2025-05-30 21:00:00
C:\Media\YouTube\Science\Kurzgesagt_Biology.mp4,00:12:00,00:12:00,2025-05-30 14:22:00
C:\Media\TV\Sitcoms\Brooklyn99_S02E25.mp4,00:21:30,00:21:30,2025-06-07 22:00:00
C:\Media\Anime\AttackOnTitan\Episode_25.mp4,00:24:00,00:24:00,2025-06-08 23:00:00
C:\Media\Movies\Action\Skyfall.mp4,02:23:00,01:30:00,2025-06-04 20:30:00
C:\Media\YouTube\Science\Veritasium_Light.mp4,00:13:30,00:13:30,2025-05-25 13:00:00
C:\Media\TV\Sitcoms\Seinfeld_S03E30.mp4,00:22:00,00:22:00,2025-05-23 19:00:00
C:\Media\Anime\OnePiece\Episode_122.mp4,00:25:02,00:25:02,2025-06-13 21:15:00
C:\Media\Movies\Comedy\KnockedUp.mp4,02:09:00,02:09:00,2025-05-20 21:30:00
C:\Media\YouTube\Music\FolkMix.mp4,01:10:00,00:50:00,2025-06-04 17:00:00
C:\Media\TV\Sitcoms\Friends_S01E22.mp4,00:22:00,00:21:00,2025-04-21 20:00:00
C:\Media\Anime\Naruto\Episode_33.mp4,00:24:00,00:24:00,2025-05-22 18:30:00
C:\Media\Movies\Drama\ThePrestige.mp4,02:10:00,02:10:00,2025-06-01 21:00:00
C:\Media\YouTube\Science\Kurzgesagt_Stars.mp4,00:12:00,00:12:00,2025-06-05 14:22:00
C:\Media\TV\Sitcoms\Brooklyn99_S02E26.mp4,00:21:30,00:21:30,2025-06-08 22:00:00
C:\Media\Anime\AttackOnTitan\Episode_26.mp4,00:24:00,00:24:00,2025-06-09 23:00:00
C:\Media\Movies\Action\ThorRagnarok.mp4,02:10:00,01:30:00,2025-06-06 20:30:00
C:\Media\YouTube\Science\Veritasium_Magnetism.mp4,00:13:15,00:13:15,2025-05-26 13:00:00
C:\Media\TV\Sitcoms\Seinfeld_S03E31.mp4,00:22:00,00:22:00,2025-05-24 19:00:00
C:\Media\Anime\OnePiece\Episode_123.mp4,00:25:05,00:25:05,2025-06-14 21:15:00
C:\Media\Movies\Comedy\Superbad.mp4,01:53:00,01:53:00,2025-05-26 21:30:00
C:\Media\YouTube\Music\JazzNight.mp4,01:10:00,00:45:00,2025-06-05 17:00:00
C:\Media\TV\Sitcoms\Friends_S01E23.mp4,00:22:00,00:21:00,2025-04-22 20:00:00
C:\Media\Anime\Naruto\Episode_34.mp4,00:24:00,00:24:00,2025-05-23 18:30:00
C:\Media\Movies\Drama\TheImitationGame.mp4,01:54:00,01:54:00,2025-06-02 21:00:00
C:\Media\YouTube\Science\Kurzgesagt_Animals.mp4,00:11:00,00:11:00,2025-06-06 14:22:00
C:\Media\TV\Sitcoms\Brooklyn99_S02E27.mp4,00:21:30,00:21:30,2025-06-09 22:00:00
C:\Media\Anime\AttackOnTitan\Episode_27.mp4,00:24:00,00:24:00,2025-06-10 23:00:00
C:\Media\Movies\Action\IronMan.mp4,02:06:00,01:30:00,2025-06-08 20:30:00
C:\Media\YouTube\Science\Veritasium_Atoms.mp4,00:13:45,00:13:45,2025-05-27 13:00:00
C:\Media\TV\Sitcoms\Seinfeld_S03E32.mp4,00:22:00,00:22:00,2025-05-25 19:00:00
C:\Media\Anime\OnePiece\Episode_124.mp4,00:25:08,00:25:08,2025-06-15 21:15:00
C:\Media\Movies\Comedy\StepBrothers.mp4,01:38:00,01:38:00,2025-05-28 21:30:00
C:\Media\YouTube\Music\ChillBeats.mp4,01:20:00,00:50:00,2025-06-06 17:00:00
C:\Media\TV\Sitcoms\Friends_S01E24.mp4,00:22:00,00:21:00,2025-04-23 20:00:00
C:\Media\Anime\Naruto\Episode_35.mp4,00:24:00,00:24:00,2025-05-24 18:30:00
C:\Media\Movies\Drama\TheKingSpeech.mp4,01:58:00,01:58:00,2025-06-03 21:00:00
C:\Media\YouTube\Science\Kurzgesagt_Biology.mp4,00:12:00,00:12:00,2025-06-07 14:22:00
C:\Media\TV\Sitcoms\Brooklyn99_S02E28.mp4,00:21:30,00:21:30,2025-06-10 22:00:00
C:\Media\Anime\AttackOnTitan\Episode_28.mp4,00:24:00,00:24:00,2025-06-11 23:00:00
C:\Media\Movies\Action\BlackPanther.mp4,02:14:00,01:45:00,2025-06-10 20:30:00
C:\Media\YouTube\Science\Veritasium_Probability.mp4,00:13:00,00:13:00,2025-05-28 13:00:00
C:\Media\TV\Sitcoms\Seinfeld_S03E33.mp4,00:22:00,00:22:00,2025-05-26 19:00:00
C:\Media\Anime\OnePiece\Episode_125.mp4,00:25:10,00:25:10,2025-06-16 21:15:00
C:\Media\TV\Thanksgiving_Parade_2024.mp4,03:02:15,02:15:30,2024-11-28 09:00:00
C:\Media\Anime\Thanksgiving_Gratitude_Episode.mp4,00:24:45,00:24:45,2024-11-27 18:30:00
C:\Media\Movies\Family_Thanksgiving_Comedy.mp4,01:52:30,01:52:30,2024-11-26 21:00:00
C:\Media\YouTube\Black_Friday_Tech_Deals.mp4,00:25:15,00:18:45,2024-11-29 10:15:00
C:\Media\TV\CyberMonday_Shopping_Guide.mp4,00:38:20,00:30:15,2024-12-02 11:30:00
C:\Media\Anime\Winter_Season_Preview_2025.mp4,00:33:45,00:33:45,2024-11-30 17:15:00
C:\Media\Movies\Horror\Halloween_Marathon_2024.mp4,02:45:20,02:20:15,2024-10-31 22:00:00
C:\Media\YouTube\Halloween_Makeup_Tutorial.mp4,00:18:30,00:18:30,2024-10-30 15:30:00
C:\Media\TV\Horror_Movie_Night_Special.mp4,01:55:45,01:35:20,2024-10-29 21:45:00
C:\Media\Anime\Spooky_Anime_Collection.mp4,01:12:15,01:12:15,2024-10-28 19:30:00
C:\Media\Movies\October_Horror_Classics.mp4,02:18:30,01:58:45,2024-10-27 20:15:00
C:\Media\YouTube\Pumpkin_Carving_Contest.mp4,00:14:45,00:14:45,2024-10-26 16:00:00
C:\Media\TV\Autumn_Cooking_Show.mp4,00:47:30,00:47:30,2024-10-25 18:45:00
C:\Media\Anime\Fall_Colors_Documentary.mp4,00:52:15,00:52:15,2024-10-24 17:30:00
C:\Media\Movies\Cozy_Fall_Romance.mp4,01:48:20,01:48:20,2024-10-23 20:30:00
C:\Media\YouTube\Apple_Picking_Vlog.mp4,00:11:30,00:11:30,2024-10-22 14:15:00
C:\Media\TV\Football_Sunday_Highlights.mp4,01:25:45,01:05:30,2024-10-21 19:00:00
C:\Media\Anime\Sports_Festival_Episode.mp4,00:24:15,00:24:15,2024-10-20 18:15:00
C:\Media\Movies\Underdog_Sports_Story.mp4,02:05:30,02:05:30,2024-10-19 21:30:00
C:\Media\YouTube\Workout_Motivation_October.mp4,00:19:45,00:15:30,2024-10-18 07:45:00
C:\Media\TV\Reality_Competition_Finale.mp4,01:18:20,01:18:20,2024-10-17 22:15:00
C:\Media\Anime\School_Festival_Arc.mp4,00:23:45,00:23:45,2024-10-16 19:45:00
C:\Media\Movies\Coming_Of_Age_Drama.mp4,01:54:15,01:40:30,2024-10-15 20:00:00
C:\Media\YouTube\Study_Tips_College.mp4,00:16:20,00:16:20,2024-10-14 16:30:00
C:\Media\TV\College_Football_Rivalry.mp4,03:15:45,02:30:20,2024-10-13 15:00:00
C:\Media\Anime\Tournament_Arc_Finale.mp4,00:25:30,00:25:30,2024-10-12 18:30:00
C:\Media\Movies\Heist_October_Thriller.mp4,02:12:45,01:58:15,2024-10-11 21:45:00
C:\Media\YouTube\Fall_Fashion_Trends.mp4,00:13:15,00:13:15,2024-10-10 14:45:00
C:\Media\TV\Mystery_Series_S02E08.mp4,00:44:30,00:44:30,2024-10-09 22:30:00
C:\Media\Anime\Mystery_Detective_Case.mp4,00:24:45,00:24:45,2024-10-08 19:15:00
C:\Media\Movies\Psychological_Thriller_2024.mp4,02:08:20,01:45:30,2024-10-07 21:00:00
C:\Media\YouTube\Mental_Health_October.mp4,00:21:30,00:21:30,2024-10-06 12:00:00
C:\Media\TV\Medical_Drama_S15E04.mp4,00:43:15,00:43:15,2024-10-05 20:45:00
C:\Media\Anime\Healing_Slice_Of_Life.mp4,00:24:00,00:24:00,2024-10-04 18:00:00
C:\Media\Movies\Feel_Good_October.mp4,01:42:30,01:42:30,2024-10-03 19:30:00
C:\Media\YouTube\Gratitude_Challenge_Day1.mp4,00:08:45,00:08:45,2024-10-02 09:15:00
C:\Media\TV\New_Season_Premiere_Oct.mp4,01:02:15,01:02:15,2024-10-01 21:30:00
C:\Media\Anime\October_New_Releases.mp4,00:35:20,00:35:20,2024-09-30 17:45:00
C:\Media\Movies\September_Blockbuster.mp4,02:28:45,02:15:30,2024-09-29 20:15:00
C:\Media\YouTube\Back_To_School_September.mp4,00:17:15,00:12:45,2024-09-28 15:30:00
C:\Media\TV\Fall_TV_Preview_2024.mp4,01:12:30,01:12:30,2024-09-27 19:00:00
C:\Media\Anime\School_Anime_Marathon.mp4,02:45:15,02:20:45,2024-09-26 16:15:00
C:\Media\Movies\Teacher_Appreciation_Film.mp4,01:58:20,01:58:20,2024-09-25 20:30:00
C:\Media\YouTube\Study_Abroad_Vlog.mp4,00:23:45,00:18:30,2024-09-24 14:00:00
C:\Media\TV\Educational_Documentary_Sept.mp4,00:56:30,00:56:30,2024-09-23 18:45:00
C:\Media\Anime\Club_Activities_Episode.mp4,00:24:30,00:24:30,2024-09-22 17:30:00
C:\Media\Movies\Campus_Comedy_Classic.mp4,01:46:15,01:46:15,2024-09-21 21:15:00
C:\Media\YouTube\Dorm_Room_Setup_Tour.mp4,00:15:45,00:15:45,2024-09-20 13:30:00
C:\Media\TV\College_Life_Reality_Show.mp4,00:48:20,00:35:15,2024-09-19 20:00:00
C:\Media\Anime\Freshman_Year_Adventures.mp4,00:23:15,00:23:15,2024-09-18 18:15:00
C:\Media\Movies\Graduation_Drama_2024.mp4,02:15:45,01:55:30,2024-09-17 19:45:00
C:\Media\YouTube\College_Application_Tips.mp4,00:19:30,00:19:30,2024-09-16 16:00:00
C:\Media\TV\Academic_Competition_Show.mp4,01:08:15,01:08:15,2024-09-15 21:00:00
C:\Media\Anime\Study_Group_Bonding.mp4,00:24:45,00:24:45,2024-09-14 17:45:00
C:\Media\Movies\Campus_Romance_September.mp4,01:52:30,01:52:30,2024-09-13 20:45:00
C:\Media\YouTube\Freshman_Orientation_Guide.mp4,00:12:20,00:12:20,2024-09-12 11:15:00
C:\Media\TV\University_Sports_Highlights.mp4,01:22:45,01:05:20,2024-09-11 19:30:00
C:\Media\Anime\Cultural_Festival_Preparation.mp4,00:25:15,00:25:15,2024-09-10 18:30:00
C:\Media\Movies\Professor_Student_Drama.mp4,02:08:30,01:50:15,2024-09-09 21:30:00
C:\Media\YouTube\Study_Motivation_September.mp4,00:14:30,00:14:30,2024-09-08 15:45:00
C:\Media\TV\Academic_Scandal_Drama.mp4,00:45:20,00:45:20,2024-09-07 22:15:00
C:\Media\Anime\Library_Study_Session.mp4,00:23:30,00:23:30,2024-09-06 16:30:00
C:\Media\Movies\Scholarship_Success_Story.mp4,01:44:15,01:44:15,2024-09-05 19:15:00
C:\Media\YouTube\Campus_Tour_Virtual.mp4,00:26:45,00:20:30,2024-09-04 14:30:00
C:\Media\TV\Sorority_Life_Reality.mp4,00:52:30,00:40:15,2024-09-03 21:45:00
C:\Media\Anime\School_Club_Championship.mp4,00:24:20,00:24:20,2024-09-02 18:00:00
C:\Media\Movies\Labor_Day_Weekend_Comedy.mp4,01:38:45,01:38:45,2024-09-01 20:00:00
C:\Media\YouTube\End_Of_Summer_Reflection.mp4,00:11:15,00:11:15,2024-08-31 17:30:00
C:\Media\TV\Summer_Finale_Special.mp4,01:15:30,01:15:30,2024-08-30 21:00:00
C:\Media\Anime\Beach_Episode_Classic.mp4,00:24:15,00:24:15,2024-08-29 19:45:00
C:\Media\Movies\August_Blockbuster_Hit.mp4,02:22:30,02:10:45,2024-08-28 20:30:00
C:\Media\YouTube\Summer_Vacation_Montage.mp4,00:18:20,00:15:45,2024-08-27 16:15:00
C:\Media\TV\Vacation_Travel_Show.mp4,00:47:45,00:47:45,2024-08-26 18:30:00
C:\Media\Anime\Summer_Festival_Romance.mp4,00:25:00,00:25:00,2024-08-25 19:00:00
C:\Media\Movies\Road_Trip_Adventure_Aug.mp4,01:55:15,01:55:15,2024-08-24 21:15:00
C:\Media\YouTube\Beach_Day_Preparation.mp4,00:13:45,00:13:45,2024-08-23 12:30:00
C:\Media\TV\Olympic_Games_Highlights.mp4,02:18:30,01:45:20,2024-08-22 20:15:00
C:\Media\Anime\Sports_Summer_Training.mp4,00:24:30,00:24:30,2024-08-21 18:45:00
C:\Media\Movies\Olympic_Athlete_Biopic.mp4,02:12:45,02:12:45,2024-08-20 19:30:00
C:\Media\YouTube\Athletic_Training_Tips.mp4,00:21:15,00:16:30,2024-08-19 08:00:00
C:\Media\TV\Swimming_Competition_Live.mp4,01:35:20,01:20:15,2024-08-18 17:00:00
C:\Media\Anime\Pool_Party_Episode.mp4,00:23:45,00:23:45,2024-08-17 18:15:00
C:\Media\Movies\Swimming_Pool_Thriller.mp4,01:48:30,01:35:45,2024-08-16 22:00:00
C:\Media\YouTube\Water_Safety_Education.mp4,00:09:30,00:09:30,2024-08-15 14:45:00
C:\Media\TV\Lifeguard_Reality_Show.mp4,00:44:15,00:44:15,2024-08-14 20:45:00
C:\Media\Anime\Surfing_Competition_Arc.mp4,00:24:45,00:24:45,2024-08-13 17:30:00
C:\Media\Movies\Beach_Volleyball_Romance.mp4,01:42:20,01:42:20,2024-08-12 21:30:00
C:\Media\YouTube\Surfing_Lessons_Beginner.mp4,00:25:30,00:18:45,2024-08-11 10:15:00
C:\Media\TV\Ocean_Documentary_August.mp4,00:53:45,00:53:45,2024-08-10 19:15:00
C:\Media\Anime\Island_Adventure_Special.mp4,00:48:20,00:48:20,2024-08-09 18:00:00
C:\Media\Movies\Tropical_Paradise_Escape.mp4,02:05:15,02:05:15,2024-08-08 20:00:00
C:\Media\YouTube\Tropical_Fruit_Tasting.mp4,00:16:45,00:16:45,2024-08-07 15:30:00
C:\Media\TV\Island_Survival_Challenge.mp4,01:12:30,01:02:15,2024-08-06 21:45:00
C:\Media\Anime\Treasure_Hunt_Adventure.mp4,00:25:30,00:25:30,2024-08-05 19:30:00
C:\Media\Movies\Pirate_Adventure_August.mp4,02:18:45,02:00:30,2024-08-04 20:15:00
C:\Media\YouTube\Sailing_Tutorial_Basics.mp4,00:22:15,00:17:30,2024-08-03 11:45:00
C:\Media\TV\Sailing_Competition_Cup.mp4,01:28:20,01:15:45,2024-08-02 16:30:00
C:\Media\Anime\Boat_Racing_Tournament.mp4,00:24:15,00:24:15,2024-08-01 18:45:00
C:\Media\Movies\Nautical_Adventure_July.mp4,01:58:30,01:58:30,2024-07-31 21:00:00
C:\Media\YouTube\Fishing_Tips_Summer.mp4,00:19:45,00:15:20,2024-07-30 06:30:00
C:\Media\TV\Deep_Sea_Fishing_Show.mp4,00:46:30,00:46:30,2024-07-29 17:15:00
C:\Media\Anime\Fishing_Club_Bonding.mp4,00:23:30,00:23:30,2024-07-28 18:30:00
C:\Media\Movies\Fisherman_Life_Story.mp4,02:15:20,01:55:45,2024-07-27 19:45:00
C:\Media\YouTube\Camping_Gear_Review.mp4,00:24:30,00:20:15,2024-07-26 13:00:00
C:\Media\TV\Wilderness_Survival_Tips.mp4,00:38:45,00:38:45,2024-07-25 20:30:00
C:\Media\Anime\Camping_Trip_Memories.mp4,00:24:00,00:24:00,2024-07-24 17:45:00
C:\Media\Movies\Forest_Adventure_July.mp4,01:52:15,01:52:15,2024-07-23 21:30:00
C:\Media\YouTube\Hiking_Trail_Guide.mp4,00:18:30,00:18:30,2024-07-22 09:15:00
C:\Media\TV\Mountain_Climbing_Documentary.mp4,01:05:20,01:05:20,2024-07-21 18:00:00
C:\Media\Anime\Mountain_Hiking_Challenge.mp4,00:25:15,00:25:15,2024-07-20 16:30:00
C:\Media\Movies\Alpine_Rescue_Drama.mp4,02:08:45,01:50:30,2024-07-19 20:45:00
C:\Media\YouTube\Rock_Climbing_Basics.mp4,00:21:45,00:16:30,2024-07-18 14:30:00
C:\Media\TV\Extreme_Sports_Competition.mp4,01:15:30,01:08:15,2024-07-17 19:30:00
C:\Media\Anime\Extreme_Sports_Club.mp4,00:24:30,00:24:30,2024-07-16 18:15:00
C:\Media\Movies\Snowboarding_Summer_Dream.mp4,01:46:20,01:46:20,2024-07-15 21:15:00
C:\Media\YouTube\Skateboarding_Tricks_July.mp4,00:14:15,00:12:45,2024-07-14 15:45:00
C:\Media\TV\X_Games_Summer_2024.mp4,02:30:45,02:05:30,2024-07-13 16:00:00
C:\Media\Anime\Skateboard_Team_Formation.mp4,00:23:45,00:23:45,2024-07-12 17:30:00
C:\Media\Movies\BMX_Racing_Championship.mp4,01:54:30,01:54:30,2024-07-11 20:00:00
C:\Media\YouTube\Bike_Maintenance_Summer.mp4,00:17:20,00:17:20,2024-07-10 12:15:00
C:\Media\TV\Cycling_Tour_Coverage.mp4,03:15:45,02:20:30,2024-07-09 14:30:00
C:\Media\Anime\Bicycle_Club_Training.mp4,00:24:45,00:24:45,2024-07-08 18:45:00
C:\Media\Movies\Cycling_Comeback_Story.mp4,02:12:15,02:12:15,2024-07-07 19:30:00
C:\Media\YouTube\Summer_Cycling_Routes.mp4,00:22:30,00:18:45,2024-07-06 10:30:00
C:\Media\TV\Triathlon_Championship_2024.mp4,02:45:20,02:15:15,2024-07-05 15:45:00
C:\Media\Anime\Marathon_Training_Arc.mp4,00:25:00,00:25:00,2024-07-04 17:00:00
C:\Media\Movies\Independence_Day_Blockbuster.mp4,02:28:30,02:28:30,2024-07-04 21:00:00
C:\Media\YouTube\July_4th_Fireworks_DIY.mp4,00:13:45,00:13:45,2024-07-03 16:30:00
C:\Media\TV\Patriotic_Music_Special.mp4,01:20:15,01:20:15,2024-07-02 20:15:00
C:\Media\Anime\Fireworks_Festival_Romance.mp4,00:24:15,00:24:15,2024-07-01 19:45:00